{
    "accuracy": 0.8080883574157117,
    "precision": 0.6461661341853036,
    "recall": 0.30220395965633173,
    "f1_score": 0.4118096207686434
}