{
    "accuracy": 0.723716990533134,
    "precision": 0.4163233779608651,
    "recall": 0.6040343668285394,
    "f1_score": 0.4929126657521719,
    "roc_auc": 0.74499352914557,
    "pr_auc": 0.5217227586166947
}